bus_stop_id	service_names	service_count
1	1, 46	3
2	1, 46	2
3	10, 28	2
4	10, 28	2
5	25, 26, 28, 29, 30	5
6	12, 29, 38	3
7	12, 29, 38	3
10	14, 26, 27, 60	4
11	1, 14, 26, 27, 60	5
12	10, 18, 32	3
13	10, 18, 32	3
14	10, 18, 32	3
15	10, 18, 32	3
16	10, 12, 18, 32	4
17	10, 12, 18, 32	4
18	17, 22, 54	3
19	17, 22, 54	3
20	17, 22	2
21	17, 22	2
24	17, 23, 61	3
25	16, 17, 20, 23, 61	5
30	22, 61	2
31	22, 61	2
32	16, 20, 23	3
33	16, 20, 23	3
35	15	1
36	28, 36	2
37	28, 36	2
38	10, 15, 16, 19, 28, 36	6
39	35, 37	2
40	35, 37, 6	3
41	21, 39, 40	3
42	21, 39, 40	3
43	21, 39, 40	3
44	21, 39, 40	3
45	11, 35, 37, 41	4
46	11, 35, 37, 41	4
47	17, 42, 44	3
48	17, 42, 44	3
49	37, 41, 44	3
50	37, 41, 44	3
51	35, 36	2
52	35, 36	2
55	35, 36	2
56	35, 36	2
57	37, 41, 44	3
58	37, 41, 44	3
59	37, 41, 44	3
60	37, 41, 44	3
61	35, 36	2
62	35, 36	2
63	37, 41, 44	3
64	37, 41, 44	3
65	35, 36	2
66	35, 36	2
67	39, 44	2
68	39, 44	2
69	21, 39, 40	3
70	21, 39, 40	3
71	39, 44	2
72	39, 44	2
73	17, 42, 44	3
74	17, 42, 44	3
77	40	1
78	40	1
79	17, 21	2
80	17, 21	2
83	40, 42	2
84	40, 42	2
85	40, 42	2
86	40, 42	2
87	14, 19, 23, 30, 40, 41	6
88	14, 19, 23, 30, 40, 41	6
89	14, 19, 23, 30, 40, 41	6
90	14, 19, 23, 30, 40, 41	6
91	14, 19, 23, 30, 40, 41	6
92	14, 19, 23, 30, 40, 41	6
93	22, 59	2
94	22, 59	2
95	22, 59	2
96	22, 59	2
97	22, 59	2
98	22, 59	2
99	22, 59	2
100	22, 59	2
101	14, 23, 30, 40, 41	5
102	14, 23, 30, 40, 41	5
103	14, 19, 23, 30, 40, 41	6
104	14, 19, 23, 30, 40, 41	6
108	56	1
109	22, 59	2
110	22, 59	2
111	57, 58	2
112	57	1
113	56	1
114	14, 19, 23, 30, 40, 41	6
115	14, 19, 22, 23, 30, 40, 41, 56, 57	9
117	21, 35, 37, 39	4
118	21, 35, 37, 39	4
119	56, 57	2
121	37, 39, 57	3
122	21, 58	2
123	35, 56, 57	3
124	58	1
125	21, 35, 37, 39	4
126	21, 35, 37, 39	4
127	58	1
129	56, 57	2
130	58	1
131	57	1
132	56, 57	2
133	58	1
134	57	1
136	57, 58	2
137	58	1
138	58	1
139	56	1
141	12, 28, 29, 36, 61, 7	6
143	57	1
144	12, 28, 29, 36, 61	5
145	4, 58, 7	3
146	4, 57, 7	3
147	56	1
148	4, 58, 7	3
149	4, 57, 7	3
151	56	1
152	4, 57, 7	3
154	34	1
155	56	1
156	56	1
157	34, 4, 57	3
158	4, 58	2
159	34, 4, 57	3
160	7	1
161	31, 56, 58	3
162	31, 34, 56, 57, 58	5
163	57, 58	2
165	58	1
166	34, 57	2
167	24, 26, 34, 57	4
168	24, 26, 58	3
172	12, 26, 29, 30	4
173	12, 26, 29, 30	4
174	56	1
175	4, 58	2
176	56	1
177	7	1
178	7	1
180	20	1
181	20, 7	2
182	20, 7	2
183	8	1
184	25, 27, 3, 33, 8	5
185	20, 7	2
186	20, 7	2
187	7	1
188	20, 7	2
189	56	1
190	56	1
191	56	1
194	12, 28, 29, 36, 61	5
195	12, 28, 29, 36, 61	5
196	21, 35, 37, 39	4
197	21, 35, 37, 39	4
198	21, 35, 37, 39	4
199	21, 35, 37, 39	4
200	8	1
201	11, 8	2
202	12, 28, 29, 36, 61	5
203	12, 28, 29, 36, 61	5
204	11	1
205	11	1
206	11	1
207	11	1
208	12, 28, 29, 36, 61, 8	6
209	12, 28, 29, 36, 61, 8	6
210	28, 29, 36, 61	4
211	8	1
212	8	1
213	8	1
214	8	1
215	8	1
216	8	1
217	8	1
218	8	1
219	8	1
220	11	1
221	11	1
222	20, 59, 61	3
223	20, 59, 61	3
224	11, 20, 59, 61	4
225	11, 20, 59, 61	4
226	12, 20, 29, 59	4
227	12, 20, 29, 59	4
228	11, 20, 59, 61	4
229	11, 20, 59, 61	4
230	28, 61	2
231	12, 20, 29, 59	4
232	12, 20, 29, 59	4
233	12, 20, 29, 59	4
234	12, 20, 29, 59	4
235	12, 20, 29, 59	4
236	14, 29	2
237	14, 29	2
238	20, 27, 3, 7	4
239	20, 27, 3, 7	4
240	14, 19, 23, 30, 40, 41	6
241	14, 19, 23, 30, 40, 41	6
242	14, 19, 23, 30, 40, 41	6
243	14, 19, 23, 30, 40, 41	6
244	22, 59	2
245	22, 59	2
246	22, 59	2
247	22, 59	2
248	20	1
249	20	1
250	11, 22	2
251	11, 22	2
252	14, 19, 20, 23, 30, 40, 41	7
253	14, 19, 20, 23, 30, 40, 41	7
254	11, 20, 59	3
255	11, 20, 59	3
256	11, 22	2
257	11, 22	2
258	14, 19, 20, 23, 30, 40, 41	7
259	14, 19, 20, 23, 30, 40, 41	7
260	11, 20, 59	3
261	11, 20, 59	3
262	21, 35, 37, 39, 61	5
263	21, 35, 37, 39, 61	5
264	21, 35, 37, 39, 61	5
265	21, 35, 37, 39, 61	5
266	11, 20, 59, 61	4
267	11, 20, 59, 61	4
268	21, 35, 37, 39	4
269	21, 35, 37, 39, 61	5
272	11, 20, 59	3
273	11, 20, 59	3
274	11, 20, 59, 61	4
277	14, 19, 20, 23, 30, 40, 41	7
278	14, 19, 20, 23, 30, 40, 41	7
279	11, 22	2
280	11, 22	2
281	11, 22	2
282	11, 22	2
283	11, 22	2
284	11, 22	2
287	21, 39, 41	3
288	21, 39, 41	3
289	14, 30, 38, 41	4
290	14, 30, 38, 41	4
291	14, 19, 20, 23, 30, 40, 41	7
292	14, 19, 20, 23, 30, 40, 41	7
293	11, 22	2
294	11, 22	2
295	14, 30, 38, 41	4
296	14, 30, 38, 41	4
297	11, 22	2
298	11, 22	2
299	11, 22	2
300	11, 22	2
301	14, 19, 20, 23, 30, 40, 41	7
302	14, 19, 20, 23, 30, 40, 41	7
303	10, 12, 18, 32	4
304	10, 12, 18, 32	4
307	19, 20, 23, 38, 40	5
308	19, 20, 23, 38, 40	5
309	19, 20, 23, 38, 40	5
310	19, 20, 23, 38, 40	5
311	11, 22	2
312	11, 22	2
318	14, 38	2
319	21, 35, 37, 39, 61	5
320	21, 35, 37, 39, 61	5
321	28, 36	2
322	28, 36	2
323	28	1
324	28, 36	2
325	14, 28, 36, 38	4
326	14, 38	2
327	14, 38	2
330	14, 38	2
331	14, 38	2
332	12, 20, 59	3
333	12, 20, 59	3
334	14, 26, 27	3
335	14, 26, 27	3
336	14, 26, 27	3
337	14, 26, 27	3
338	14, 26, 27	3
339	14, 26, 27	3
340	12, 14, 29	3
341	12, 14, 29	3
342	14, 26, 27, 3, 7	5
343	14, 18, 26, 27, 3, 7	6
344	14, 26, 27, 3, 7	5
345	14, 18, 26, 27, 3, 7	6
346	12, 14, 29	3
347	12, 14, 29	3
348	12, 14, 29	3
349	12, 14, 29	3
350	12, 14, 29	3
351	12, 14, 29	3
354	12, 14, 29	3
355	12, 14, 29	3
356	10, 18, 24, 3, 32, 7	6
357	10, 18, 24, 3, 32, 7	6
358	24, 25, 59	3
359	18, 24, 25, 59, 9	5
360	10, 18, 24, 3, 32, 7	6
361	10, 18, 24, 3, 32, 7	6
363	18	1
364	3, 7	2
365	18, 3, 7	3
366	10, 3, 32, 7	4
367	1, 10, 3, 32, 7	5
368	18	1
369	18	1
370	24, 26	2
371	24, 26	2
372	25, 26, 59	3
373	18, 25, 26, 59, 9	5
374	20, 25, 27, 3, 33, 7	6
375	20, 7, 9	3
376	26	1
377	26	1
378	25	1
379	25, 9	2
380	25, 26, 59	3
381	18, 25, 26, 59, 9	5
382	26, 59	2
383	26, 59	2
384	25	1
385	25, 9	2
387	20, 7	2
388	20, 25, 27, 3, 33, 7, 9	7
389	24, 26	2
390	24, 26	2
391	24, 25, 59	3
392	18, 24, 25, 59, 9	5
395	10, 33, 5	3
396	10, 33, 5, 9	4
397	32, 33, 5, 9	4
398	32, 33, 5, 9	4
399	10	1
400	10	1
403	32, 33, 5, 9	4
404	32, 33, 5, 9	4
405	10	1
406	10	1
407	10, 33, 5	3
408	10, 33, 5, 9	4
409	10, 33, 5	3
410	10, 33, 5, 9	4
411	58	1
412	57	1
413	24, 26	2
414	24, 26	2
415	34	1
416	34, 4	2
418	31	1
421	24, 26	2
422	24, 26	2
423	31, 4, 5	3
424	24, 26	2
425	24, 26	2
426	31, 4	2
427	31, 4	2
430	31, 34, 4, 8	4
431	31, 34, 4, 8	4
432	31, 4	2
433	31, 4	2
435	31, 34, 4, 8	4
436	31, 34, 4, 8	4
439	24, 26	2
440	24, 26	2
441	24, 26	2
442	24, 26	2
443	33, 8	2
444	33, 8, 9	3
445	24, 26	2
446	24, 26, 5	3
447	24, 26, 5	3
448	24, 26, 5	3
449	24, 26, 5	3
450	24, 26, 5	3
451	33, 5, 8	3
452	33, 5, 8, 9	4
453	20, 7	2
454	20, 25, 27, 3, 33, 7, 9	7
455	34, 8	2
456	34, 8	2
457	34, 8	2
458	34, 8	2
459	10	1
460	10	1
461	34, 8	2
462	34, 8	2
463	34, 8	2
464	34, 8	2
465	34, 8	2
466	34, 8	2
467	33, 5	2
468	33, 5, 9	3
469	33, 5	2
470	33, 5, 9	3
471	31, 34, 4, 8	4
472	31, 34, 4, 8	4
473	33, 5	2
474	33, 5, 9	3
475	33, 5	2
476	33, 5, 9	3
477	31, 34, 4, 8	4
478	31, 34, 4, 8	4
479	31, 4	2
480	31, 4	2
481	10, 31, 2004	3
482	10, 31, 2004	3
483	31, 4	2
484	31, 4	2
485	10, 31, 2004	3
486	10, 31, 2004	3
487	10, 31, 2004	3
488	10, 31, 2004	3
489	31, 4	2
490	31, 4	2
491	10	1
492	10	1
493	31, 4	2
494	31, 4	2
495	31, 4	2
496	31, 4	2
497	10, 31, 2004	3
498	10, 31, 2004	3
499	34, 8	2
500	34, 8	2
501	10	1
502	10	1
503	10, 31, 2004	3
504	10, 31, 2004	3
505	10, 31, 2004	3
506	10, 31, 2004	3
507	31, 32, 33, 34	4
508	31, 32, 33, 34	4
515	34, 8	2
516	34, 8	2
519	34, 8	2
520	34, 8	2
521	34, 8	2
522	34, 8	2
523	32, 33, 5, 9	4
524	32, 33, 5, 9	4
525	32, 33, 34, 5, 8, 9	6
526	32, 33, 34, 5, 8, 9	6
527	34, 8	2
528	34, 8	2
529	32, 33, 34, 5, 9	5
530	32, 33, 34, 5, 9	5
535	60, 8, 9	3
536	60, 8, 9	3
537	60, 8, 9	3
538	60, 8, 9	3
539	42, 8	2
540	60, 8	2
541	31, 32, 33, 34	4
542	10	1
543	10, 31, 2004	3
544	10, 31, 4, 42	4
545	32, 33, 34, 42	4
546	32, 33, 34, 42	4
547	10, 5	2
548	10, 5	2
549	10, 33	2
550	10, 33, 42	3
551	32, 33, 34, 42, 5	5
552	32, 33, 34, 42, 5	5
553	32, 33, 34, 5, 8, 9	6
554	5	1
555	4	1
557	4, 5	2
558	60, 8, 9	3
559	60, 8, 9	3
561	25, 59	2
562	25, 59	2
563	25, 59	2
564	25, 59	2
565	25, 59	2
566	25, 59	2
569	25, 59	2
570	25, 59, 9	3
571	10, 24, 32	3
572	10, 18, 24, 32	4
573	25, 59	2
574	25, 59	2
577	42	1
578	42	1
579	42	1
580	42	1
582	25, 59	2
583	25, 59	2
584	25, 59	2
585	25, 59	2
586	42	1
587	42	1
589	35, 36	2
590	35, 36	2
591	25, 59	2
592	25, 59	2
593	1, 14, 26, 27, 60	5
594	14, 26, 27, 60	4
595	1, 14, 26, 27, 60	5
596	14, 26, 27, 60	4
597	1, 24, 3, 7	4
598	24, 3, 7	3
599	1, 14, 26, 27, 60	5
600	14, 26, 27, 60	4
601	24, 3, 7	3
602	1, 24, 3, 7	4
605	1, 14, 26, 27, 60	5
606	14, 26, 27, 60	4
609	1, 24, 3, 7	4
610	24, 3, 7	3
611	1, 14, 26, 27, 60	5
612	14, 26, 27, 60	4
613	42, 6, 60	3
614	1, 42, 6, 60	4
615	24, 3, 7	3
616	1, 24, 3, 7	4
626	25, 42, 59	3
627	25, 42, 59	3
628	1, 24, 25, 3, 6, 60, 7	7
629	1, 24, 25, 3, 6, 60, 7	7
630	25, 42, 59	3
631	25, 42, 59	3
632	42, 6, 60	3
633	1, 42, 6, 60	4
634	1, 24, 3, 7	4
635	24, 3, 7	3
636	25, 42, 59	3
637	25, 42, 59	3
638	4, 60, 8, 9	4
639	4, 60, 8, 9	4
640	2, 60	2
641	2	1
642	4, 60, 8, 9	4
643	4, 60, 8, 9	4
644	60, 7	2
645	60, 7	2
646	60, 7	2
647	60, 7	2
648	3, 6, 60, 7	4
649	2, 60	2
650	2, 60	2
651	4, 8	2
652	4, 8	2
653	2, 7	2
654	2, 7	2
657	2, 60	2
658	2, 60	2
659	2, 60	2
660	2, 60	2
661	2, 60	2
662	2, 60	2
663	4	1
664	3, 8	2
666	3, 4, 2008	3
667	2, 7	2
668	2, 7	2
673	1, 24, 25, 3, 6, 60, 7	7
674	1, 24, 25, 3, 6, 60, 7	7
675	24, 25	2
676	24, 25	2
677	3, 6, 60, 7	4
678	3, 6, 60, 7	4
679	1, 2, 46	3
680	1, 2, 46	3
681	3, 6, 60, 7	4
682	3, 6, 60, 7	4
687	3, 6	2
688	3, 6	2
691	3, 6	2
692	3, 6	2
693	2	1
694	2	1
695	3, 6, 60, 7	4
696	3, 6, 60, 7	4
701	3, 6, 60, 7	4
702	3, 6, 60, 7	4
703	2, 7	2
704	2, 7	2
705	2, 7	2
706	2, 7	2
707	2, 7	2
710	2	1
711	2	1
712	3, 6	2
713	3, 6	2
714	3, 6	2
715	3, 6	2
716	6, 7	2
717	6, 7	2
718	6, 7	2
719	2, 6, 2007	3
720	3, 6	2
721	3, 6	2
724	2, 3, 2006	3
729	3	1
730	3	1
731	3	1
732	3	1
733	6, 7	2
734	6, 7	2
735	6, 7	2
736	6, 7	2
739	6, 7	2
740	6, 7	2
741	7	1
742	7	1
743	6, 7	2
744	6, 7	2
745	1, 46	2
746	1, 46	2
747	7	1
748	7	1
757	1, 46	2
758	1, 46	2
761	1, 46	2
762	1, 46	2
763	7	1
764	7	1
765	6	1
766	6	1
771	3, 4	2
772	3, 4	2
773	3, 4	2
774	3, 4	2
779	3, 4	2
780	3, 4	2
781	3, 4, 2005	3
782	3, 4, 2005	3
787	5	1
788	5	1
789	3, 4, 2005	3
790	3, 4, 2005	3
791	2, 3, 4, 5	4
792	2, 3, 4, 5	4
795	15, 2	2
796	15, 2	2
797	15, 2	2
798	15, 2	2
799	15, 2	2
800	15, 2	2
801	15, 2	2
802	15, 2	2
805	15, 2	2
806	15, 2	2
807	15, 2	2
808	15, 2	2
809	17, 18, 2, 32, 36, 42	6
810	17, 18, 2, 32, 36, 42	6
812	17, 18, 2, 32, 36, 42	6
813	17, 18, 2, 32, 36, 42	6
814	18, 32, 36, 42	4
815	18, 32, 36, 42	4
818	18, 2, 32, 36, 42	5
819	16, 17, 18, 2, 32, 36, 42	7
820	16, 17, 19	3
821	19	1
822	16, 17	2
823	19	1
824	16, 17, 19	3
825	16, 17, 19	3
826	16, 17, 19	3
827	16, 17, 19	3
828	16, 17, 19	3
829	17, 19	2
830	17, 19	2
831	16, 17	2
833	16, 17	2
834	16, 17, 19	3
835	16, 17, 19	3
838	17, 19	2
839	17, 19	2
842	16, 18, 19, 32, 36, 42	6
843	16, 18, 19, 32, 36, 42	6
844	15	1
846	15	1
847	15	1
848	32	1
849	16, 18, 19, 2, 32, 36, 42	7
850	16, 18, 19, 2, 32, 36, 42	7
851	15	1
852	15	1
853	15	1
854	15	1
855	15	1
856	15	1
857	16, 18, 19, 32, 36, 42	6
858	16, 18, 19, 32, 36, 42	6
859	15	1
860	15	1
861	16, 18, 19, 32, 36, 42	6
862	16, 18, 19, 32, 36, 42	6
863	16, 18, 19, 32, 36, 42	6
864	16, 18, 19, 32, 36, 42	6
865	16, 18, 19, 32, 36, 42	6
866	16, 18, 19, 32, 36, 42	6
867	15, 2	2
870	15	1
871	15	1
872	15	1
873	15	1
874	15	1
875	15	1
878	12	1
879	12, 15	2
880	12, 2, 25, 26, 29, 30	6
881	12, 2, 25, 26, 29, 30	6
882	16, 18, 19, 32, 36, 42	6
883	16, 18, 19, 32, 36, 42	6
884	10, 2, 28	3
885	10, 15, 16, 18, 19, 28, 32, 36, 42	9
886	10, 15, 16, 18, 19, 28, 32, 36, 42	9
887	10, 15, 16, 18, 19, 28, 32, 36, 42	9
888	10, 15, 16, 18, 19, 28, 32, 36, 42	9
889	10, 15, 16, 18, 19, 28, 32, 36, 42	9
890	10, 15, 16, 18, 19, 28, 32, 36, 42	9
891	15, 2	2
892	15, 2	2
893	10, 2, 28	3
894	10, 2, 28	3
895	10, 28	2
896	2, 27	2
897	10, 2, 27, 28	4
898	10, 2, 27, 28	4
899	10, 2, 27, 28	4
900	10, 2, 27, 28	4
901	10, 2, 27, 28	4
902	10, 2, 27, 28	4
903	10, 2, 27, 28	4
904	10, 2, 27, 28	4
905	10, 2, 27, 28	4
914	10, 2, 27, 28	4
915	10, 2, 27, 28	4
916	10, 2, 27, 28	4
917	10, 2, 27, 28	4
918	10, 2, 27, 28	4
919	10, 2, 27, 28	4
925	25, 26, 29, 30	4
926	25, 29, 30	3
927	12, 2, 27	3
928	12, 2, 25, 26, 29, 30	6
929	12, 2, 25, 26, 29, 30	6
930	10, 2, 27, 28	4
931	10, 2, 27, 28	4
935	12, 2, 27	3
936	12, 2, 27	3
945	24	1
946	24	1
951	24	1
952	24	1
963	24	1
964	24	1
967	24	1
968	24	1
969	24	1
970	24	1
973	24	1
974	24	1
975	24	1
976	24	1
977	12, 14, 26, 29, 30	5
978	12, 14, 26, 29, 30	5
979	27	1
980	27	1
981	27	1
982	27	1
983	27	1
984	27	1
990	12, 14, 26, 29, 30	5
991	12, 14, 26, 29, 30	5
992	12, 14, 26, 29, 30	5
993	12, 14, 26, 29, 30	5
996	12, 14, 26, 29, 30	5
997	12, 14, 26, 29, 30	5
1000	12, 14, 26, 29, 30	5
1001	12, 14, 26, 29, 30	5
1002	12, 26, 29, 30	4
1003	12, 26, 29, 30	4
1004	12, 2, 24, 25, 26, 29, 30	7
1005	12, 2, 24, 25, 26, 29, 30	7
1006	2, 24, 25	3
1007	2, 24, 25	3
1008	12, 2, 24, 25, 29, 30	6
1009	12	1
1010	2, 24, 25	3
1011	1, 46	2
1012	1, 46	2
1013	1, 46	2
1014	1, 46	2
1015	1, 46	2
1016	1, 46	2
1017	12	1
1018	12	1
1019	12	1
1020	12	1
1021	10, 2, 27, 28	4
1022	10, 2, 27, 28	4
1023	12	1
1024	12	1
1025	10, 28	2
1026	10, 28	2
1027	10, 28	2
1028	10, 28	2
1029	10, 25, 26, 28, 29, 30	6
1030	10, 25, 26, 28, 29, 30	6
1031	25, 26, 28, 29, 30	5
1032	25, 26, 27, 29, 30	5
1033	25, 26, 27, 29, 30	5
1034	10, 28	2
1035	10, 28	2
1036	25, 26, 28, 29, 30	5
1037	27	1
1038	27	1
1039	12, 29, 38	3
1040	12, 29, 38	3
1041	14, 26, 27	3
1042	14, 26, 27	3
1043	60	1
1044	60	1
1047	12, 29, 38	3
1048	12, 29, 38	3
1049	14, 26, 27, 60	4
1050	14, 26, 27, 60	4
1051	12, 29, 38	3
1052	12, 29, 38	3
1053	10, 18, 32	3
1054	1, 10, 18, 32	4
1055	14, 26, 27, 60	4
1056	14, 26, 27, 60	4
1057	12, 29, 38	3
1058	12, 29, 38	3
1059	14, 26, 27, 60	4
1060	14, 26, 27, 60	4
1061	11, 35, 37, 41	4
1062	11, 35, 37, 41	4
1065	29, 38	2
1066	29, 38	2
1067	10, 12, 18, 32	4
1068	10, 12, 18, 32	4
1069	1, 10, 18, 32	4
1070	14, 26, 27, 60	4
1071	14, 26, 27, 60	4
1072	10, 18, 32	3
1073	12, 18, 30, 32	4
1074	12, 18, 30, 32	4
1075	14, 26, 27, 29, 38, 42, 6	7
1076	10, 12, 18, 32	4
1077	10, 12, 18, 32	4
1078	14, 26, 27, 29, 38, 42, 6	7
1079	14, 26, 27, 29, 38, 42, 6	7
1080	29, 38	2
1081	12, 18, 30, 32	4
1082	14, 26, 27, 29, 38, 42, 6	7
1083	14, 26, 27, 29, 38, 42, 6	7
1086	14, 26, 27, 42, 6	5
1087	14, 26, 27, 42, 6	5
1088	14, 26, 27, 42, 6	5
1089	14, 26, 27, 42, 6	5
1090	14, 26, 27, 42, 6	5
1094	21, 22	2
1096	17, 21, 22	3
1097	17, 22, 54	3
1098	17, 22, 54	3
1099	17, 22	2
1100	17, 22	2
1101	17, 21	2
1102	17, 21	2
1103	17, 22, 54	3
1104	17, 22, 54	3
1105	54	1
1106	54	1
1107	54	1
1108	54	1
1109	17, 22, 54	3
1110	17, 22, 54	3
1111	54	1
1112	54	1
1113	54	1
1114	54	1
1115	54	1
1116	54	1
1121	16, 20, 22, 23, 54, 61	6
1122	16, 20, 22, 23, 54, 61	6
1123	22, 61	2
1124	22, 61	2
1125	16, 17, 20, 22, 23, 54, 61	7
1126	16, 17, 20, 22, 23, 54, 61	7
1127	54	1
1128	54	1
1129	54	1
1130	22, 61	2
1131	22, 61	2
1132	16, 20, 23, 54	4
1133	16, 20, 23	3
1134	22, 61	2
1135	22, 61	2
1138	22, 61	2
1139	22, 61	2
1144	16, 20, 23, 54	4
1145	16, 20, 23	3
1146	54	1
1148	16, 20, 23	3
1149	16, 20, 23	3
1152	16, 20, 23	3
1153	16, 20, 23	3
1154	16, 20, 23	3
1155	16, 20, 23	3
1156	16, 20, 23	3
1157	16, 20, 23	3
1160	19, 20, 23, 38, 40	5
1161	19, 20, 23, 38, 40	5
1162	19, 20, 23, 38, 40	5
1163	19, 20, 23, 38, 40	5
1164	19, 20, 23, 38, 40	5
1165	19, 20, 23, 38, 40	5
1166	19, 20, 23, 38, 40	5
1167	19, 20, 23, 38, 40	5
1168	11, 22	2
1169	11, 22	2
1170	21, 39, 41	3
1171	21, 39, 41	3
1172	11, 22	2
1173	11, 22	2
1174	21, 39, 41	3
1175	21, 39, 41	3
1176	21, 39, 41	3
1177	21, 39, 41	3
1178	11, 22	2
1179	21, 39, 41	3
1180	21, 39, 41	3
1181	21, 39, 41	3
1182	21, 39, 41	3
1183	19, 20, 23, 38, 40	5
1184	19, 20, 23, 38, 40	5
1185	11, 22	2
1186	30, 35, 37, 61	4
1187	30, 35, 37, 61	4
1188	30, 35, 37, 61	4
1189	30, 35, 37, 61	4
1190	30, 35, 37, 61	4
1191	30, 35, 37, 61	4
1192	20, 23, 40	3
1193	20, 40	2
1194	16, 19, 61	3
1195	15, 16, 19, 61	4
1196	19, 20, 23, 40	4
1197	19, 20, 23, 40	4
1198	11, 22	2
1199	11, 22	2
1200	19, 20, 23, 40	4
1201	19, 20, 23, 40	4
1202	11, 22	2
1203	11, 22	2
1204	11, 22	2
1205	11, 22	2
1206	11, 22	2
1207	16, 19, 61	3
1208	15, 16, 19, 61	4
1211	21, 39, 41	3
1212	21, 39, 41	3
1216	16, 19, 61	3
1217	21, 39, 41	3
1218	21, 39, 41	3
1219	21, 39, 41	3
1220	15, 16, 19, 61	4
1221	15, 16, 19, 61	4
1222	21, 39, 41	3
1223	21, 39, 41	3
1224	16, 19, 61	3
1225	15, 16, 19, 61	4
1228	30, 35, 37, 61	4
1229	30, 35, 37, 61	4
1233	30, 35, 37, 61	4
1234	30, 35, 37, 61	4
1235	30, 35, 37, 61	4
1236	28, 36	2
1237	10, 30, 2006	3
1238	10, 28, 30, 36, 6	5
1239	10, 28, 30, 36, 6	5
1240	10, 28, 30, 36, 6	5
1241	28	1
1242	28, 36	2
1245	28	1
1246	14, 28, 36, 38	4
1247	10, 30, 32, 6	4
1248	10, 30, 2006	3
1249	10, 30, 2006	3
1250	21, 39, 41	3
1251	15, 21, 39, 41	4
1252	21, 39, 41	3
1253	15, 21, 39, 41	4
1254	15, 16, 19, 61	4
1255	15, 16, 19, 61	4
1256	15, 16, 19, 61	4
1257	15, 16, 19, 61	4
1258	35, 37	2
1259	35, 37, 6	3
1260	35, 37	2
1261	35, 37, 6	3
1262	30	1
1265	15, 16, 19, 30, 6	5
1266	15, 16, 19, 61	4
1267	15, 16, 19, 6, 61	5
1268	35, 37	2
1269	35, 37, 6	3
1270	15, 16, 19, 61	4
1271	15, 16, 19, 6, 61	5
1272	18, 32, 42	3
1273	18, 32, 42	3
1274	10, 15, 16, 19, 28, 36	6
1275	10, 15, 16, 19, 28, 36	6
1276	18, 32, 42	3
1277	18, 32, 42	3
1278	18, 32, 42	3
1279	18, 32, 42	3
1280	10, 15, 16, 19, 28, 36	6
1281	10, 15, 16, 19, 28, 36	6
1282	18, 32, 42	3
1283	18, 32, 42	3
1284	21	1
1286	18, 32, 42	3
1287	18, 32, 42	3
1288	18, 32, 42	3
1289	18, 32, 42	3
1290	27	1
1291	27	1
1292	27	1
1293	27	1
1294	35, 37	2
1295	35, 37, 6	3
1296	35, 37	2
1297	35, 37	2
1298	35, 37	2
1299	35, 37, 6	3
1300	35, 37	2
1301	35, 37, 6	3
1302	40, 61	2
1303	15, 40, 61	3
1304	15, 40, 61	3
1305	40, 61	2
1306	40, 61	2
1307	15, 40, 61	3
1308	40, 61	2
1309	15, 40, 61	3
1310	21, 39, 41	3
1311	15, 21, 39, 41	4
1312	21, 39, 41	3
1313	15, 21, 39, 41	4
1314	40, 61	2
1315	15, 40, 61	3
1316	11, 22	2
1317	11, 22	2
1320	22	1
1321	15, 22	2
1322	22, 61	2
1323	22, 61	2
1324	22	1
1325	15, 22	2
1326	40	1
1327	40	1
1328	40	1
1329	40, 61	2
1330	15, 40, 61	3
1331	22	1
1332	22	1
1333	40	1
1334	40	1
1335	40	1
1336	40	1
1339	11, 41	2
1340	11, 41	2
1341	21, 39, 41	3
1342	15, 21, 39, 41	4
1345	21, 22, 39	3
1346	15, 21, 39	3
1347	21, 39	2
1348	21, 39	2
1349	21, 39	2
1350	21, 39	2
1351	11, 41	2
1352	11, 41	2
1353	11, 41	2
1354	11, 41	2
1355	21, 39, 40	3
1356	21, 39, 40	3
1357	40	1
1358	40	1
1359	21	1
1360	21	1
1361	21, 39	2
1362	21, 39	2
1363	21, 39, 40	3
1364	21, 39, 40	3
1365	21, 39	2
1366	21, 39	2
1367	21, 39	2
1368	21, 39	2
1369	21, 39	2
1370	21, 39	2
1371	11, 35, 37, 41	4
1372	11, 35, 37, 41	4
1373	11, 35, 37, 41	4
1374	11, 35, 37, 41	4
1375	17, 21	2
1376	17, 21	2
1377	21, 39, 40	3
1378	21, 39, 40	3
1379	21, 39, 40	3
1380	21, 39, 40	3
1381	21, 39, 40	3
1382	21, 39, 40	3
1383	21, 39, 40	3
1384	21, 39, 40	3
1385	17, 42, 44	3
1386	17, 42, 44	3
1387	17, 42, 44	3
1388	17, 42, 44	3
1389	17, 42, 44	3
1390	17, 42, 44	3
1391	17, 42, 44	3
1392	17, 42, 44	3
1393	11, 35, 37, 41	4
1394	11, 35, 37, 41	4
1395	17, 35, 42, 44	4
1396	17, 35, 42	3
1397	11, 35, 37, 41	4
1398	11, 37, 41	3
1399	11, 35, 37, 41	4
1400	11, 35, 37, 41	4
1401	11, 17, 18, 32, 35, 42	6
1402	11, 17, 18, 32, 35, 42	6
1403	11, 17, 35, 42	4
1404	11, 17, 35, 42	4
1405	37, 41, 44	3
1406	37, 41, 44	3
1407	37, 41, 44	3
1408	37, 41, 44	3
1409	37, 41, 44	3
1410	37, 41, 44	3
1411	37, 41, 44	3
1412	37, 41, 44	3
1413	37, 41, 44	3
1414	37, 41, 44	3
1415	35, 36	2
1416	35, 36	2
1417	17, 18, 32, 36, 42	5
1418	17, 18, 32, 35, 42	5
1419	35, 36	2
1420	35, 36	2
1421	35, 36	2
1422	35, 36	2
1423	35, 36	2
1424	35, 36	2
1425	35, 36	2
1426	37, 41, 44	3
1427	37, 41, 44	3
1428	35, 36	2
1429	35, 36	2
1432	35, 36	2
1433	35, 36	2
1438	37, 41, 44	3
1439	37, 41, 44	3
1440	35, 36	2
1441	35, 36	2
1442	37, 41, 44	3
1443	37, 41, 44	3
1444	37, 41, 44	3
1445	37, 41, 44	3
1446	37, 41, 44	3
1447	37, 41, 44	3
1448	35, 36	2
1449	35, 36	2
1450	35, 36	2
1451	35, 36	2
1452	35, 36	2
1453	35, 36	2
1454	35, 36	2
1455	35, 36	2
1456	35, 36	2
1457	35, 36	2
1458	35, 36	2
1459	35, 36	2
1460	37, 41, 44	3
1461	37, 41, 44	3
1462	37, 41, 44	3
1463	37, 41, 44	3
1464	35, 36	2
1465	35, 36	2
1466	37, 41, 44	3
1467	37, 41, 44	3
1468	35, 36, 37, 41, 44	5
1469	35, 36, 37, 41, 44	5
1470	35, 36	2
1471	35, 36	2
1472	37, 41, 44	3
1473	37, 41, 44	3
1474	37, 41, 44	3
1475	37, 41, 44	3
1476	35, 36	2
1477	35, 36	2
1478	35, 36	2
1479	35, 36	2
1480	35, 36	2
1481	35, 36	2
1482	35, 36	2
1483	35, 36	2
1484	37, 41, 44	3
1485	37, 41, 44	3
1486	36, 37, 41, 55	4
1487	36, 37, 41, 55	4
1488	39, 44	2
1489	39, 44	2
1490	39, 44	2
1491	39, 44	2
1492	39, 44	2
1493	39, 44	2
1494	39, 44	2
1495	39, 44	2
1496	39, 44	2
1497	39, 44	2
1498	39, 44	2
1499	39, 44	2
1502	17, 21, 40	3
1503	17, 21, 40	3
1506	39, 42, 44	3
1507	39, 42, 44	3
1508	39, 42, 44	3
1509	39, 42, 44	3
1510	39, 42, 44	3
1511	39, 42, 44	3
1512	39, 42, 44	3
1513	39, 42, 44	3
1514	39, 42, 44	3
1515	39, 42, 44	3
1516	39, 44	2
1517	39, 44	2
1518	39, 42, 44	3
1519	39, 42, 44	3
1522	42	1
1523	42	1
1530	40	1
1531	40	1
1534	40	1
1535	40	1
1536	40	1
1537	40	1
1538	40	1
1539	40	1
1540	40	1
1541	40	1
1542	40	1
1543	40	1
1554	40	1
1555	40	1
1556	40, 42	2
1557	40, 42	2
1558	40, 42	2
1559	40, 42	2
1560	42	1
1561	42	1
1562	40, 42	2
1563	40, 42	2
1564	40, 42	2
1565	40, 42	2
1566	40, 42	2
1567	40, 42	2
1568	42	1
1569	42	1
1570	40, 42	2
1571	40, 42	2
1572	40, 42	2
1573	40, 42	2
1574	40, 42	2
1575	40, 42	2
1576	40, 42	2
1577	40, 42	2
1578	40, 42	2
1579	40, 42	2
1580	40, 42	2
1581	40, 42	2
1582	40, 42	2
1583	40, 42	2
1584	40, 42	2
1585	40, 42	2
1586	39, 40, 42, 43, 44	5
1587	39, 40, 42, 43, 44	5
1588	40, 42	2
1589	40, 42	2
1590	40, 42	2
1591	40, 42	2
1592	40, 42	2
1593	40, 42	2
1594	39, 44	2
1595	39, 44	2
1596	39, 44	2
1597	39, 43, 44	3
1598	39, 43, 44	3
1599	39, 44	2
1600	39, 44	2
1601	39, 43, 44	3
1602	39, 43, 44	3
1603	16	1
1604	17, 19	2
1605	17, 19	2
1606	16, 17, 19	3
1607	16, 17, 19	3
1610	34, 8	2
1611	34, 8	2
1612	2, 24, 25	3
1613	2, 24, 25	3
1616	1, 46	2
1617	1, 46	2
1618	31, 33, 34	3
1619	31, 33, 34	3
1621	32	1
1622	32	1
1623	32	1
1624	32	1
1625	32	1
1626	32	1
1627	32	1
1628	32	1
1629	31, 32, 33, 34	4
1630	31, 32, 33, 34	4
1631	31, 32, 33, 34	4
1632	31, 32, 33, 34	4
1633	31, 32, 33, 34	4
1634	31, 32, 33, 34	4
1637	31, 34	2
1638	31, 34	2
1639	31, 34	2
1640	31, 34	2
1641	31, 34	2
1642	31, 34	2
1643	31, 32, 33, 34	4
1644	36, 37, 41, 55	4
1645	36, 37, 41, 55	4
1646	55	1
1647	55	1
1648	55	1
1649	55	1
1650	55	1
1651	55	1
1652	55	1
1653	55	1
1654	55	1
1655	55	1
1656	55	1
1657	55	1
1658	55	1
1659	55	1
1660	55	1
1661	55	1
1662	55	1
1663	55	1
1664	55	1
1665	55	1
1666	55	1
1667	55	1
1668	55	1
1669	55	1
1670	55	1
1671	55	1
1672	55	1
1673	55	1
1674	55	1
1675	55	1
1676	55	1
1677	55	1
1678	55	1
1679	55	1
1680	55	1
1681	55	1
1682	55	1
1683	55	1
1684	55	1
1685	55	1
1686	55	1
1687	55	1
1690	55	1
1691	55	1
1692	55	1
1693	55	1
1694	55	1
1695	55	1
1696	55	1
1697	55	1
1698	43, 55	2
1699	43, 55	2
1700	43, 55	2
1701	43, 55	2
1702	55	1
1703	55	1
1704	55	1
1705	55	1
1706	55	1
1707	55	1
1708	55	1
1709	55	1
1710	55	1
1711	55	1
1712	55	1
1713	55	1
1714	55	1
1715	55	1
1716	55	1
1717	55	1
1718	55	1
1719	55	1
1720	55	1
1721	55	1
1722	55	1
1723	55	1
1724	55	1
1725	55	1
1726	55	1
1727	55	1
1728	55	1
1729	55	1
1730	55	1
1731	55	1
1733	55	1
1734	55	1
1735	55	1
1736	55	1
1737	55	1
1738	55	1
1739	55	1
1740	55	1
1741	55	1
1742	55	1
1743	55	1
1744	55	1
1745	55	1
1746	55	1
1747	55	1
1748	55	1
1749	55	1
1750	55	1
1751	55	1
1752	55	1
1753	55	1
1754	55	1
1755	55	1
1756	55	1
1757	55	1
1758	55	1
1759	55	1
1760	55	1
1761	55	1
1762	55	1
1763	55	1
1764	55	1
1765	55	1
1766	55	1
1767	55	1
1768	55	1
1769	55	1
1770	55	1
1771	55	1
1772	55	1
1773	55	1
1774	55	1
1775	55	1
1776	55	1
1777	55	1
1778	55	1
1779	55	1
1780	55	1
1781	55	1
1782	55	1
1783	55	1
1784	55	1
1785	55	1
1786	55	1
1787	55	1
1788	55	1
1789	55	1
1790	55	1
1791	55	1
1792	55	1
1793	55	1
1794	55	1
1795	55	1
1796	55	1
1797	55	1
1798	55	1
1799	32	1
1800	32	1
1801	32	1
1802	32	1
1803	32	1
1804	32	1
1805	32	1
1806	32	1
1807	32	1
1808	32	1
1809	32	1
1810	31, 32, 33, 34	4
1811	31, 32, 33, 34	4
1812	31, 32, 33, 34	4
1813	31, 32, 33, 34	4
1814	56	1
1815	10, 30, 2006	3
1816	10, 30, 2006	3
1817	10, 28, 30, 36, 6	5
1818	10, 28, 30, 36, 6	5
1819	15, 16, 19, 30, 6	5
1820	15, 16, 19, 30, 6	5
1821	10, 15, 16, 19, 28, 36	6
1822	10, 2, 28	3
1823	16, 18, 19, 2, 32, 36	6
1824	31, 33, 34	3
1825	31, 33, 34	3
1826	33	1
1827	33	1
1828	33	1
1829	33	1
1830	33	1
1831	33	1
1832	33	1
1833	33	1
1834	33	1
1835	33	1
1836	33	1
1837	33	1
1838	33	1
1839	33	1
1840	33	1
1841	33	1
1842	33	1
1843	33	1
1844	33	1
1845	33	1
1846	33	1
1847	33	1
1848	33	1
1849	33	1
1850	33	1
1851	33	1
1852	33	1
1853	33	1
1854	33	1
1855	33	1
1856	33	1
1857	33	1
1858	33	1
1859	33	1
1860	33	1
1861	33	1
1862	33	1
1863	33	1
1864	33	1
1865	33	1
1866	33	1
1867	33	1
1868	33	1
1869	33	1
1870	33	1
1871	33	1
1872	33	1
1873	33	1
1874	33	1
1875	33	1
1876	33	1
1877	33	1
1878	33	1
1879	33	1
1880	34	1
1881	34	1
1882	34	1
1883	34	1
1884	34	1
1885	34	1
1886	34	1
1887	34	1
1888	34	1
1889	34	1
1890	34	1
1891	34	1
1892	34	1
1893	34	1
1894	34	1
1895	34	1
1896	34	1
1897	34	1
1898	34	1
1899	34	1
1900	34	1
1901	34	1
1902	34	1
1903	34	1
1904	34	1
1905	34	1
1906	34	1
1907	34	1
1908	34	1
1909	34	1
1910	34	1
1911	34	1
1912	34	1
1913	34	1
1914	34	1
1915	34	1
1916	34	1
1917	34	1
1918	34	1
1919	34	1
1920	34	1
1921	34	1
1922	34	1
1923	34	1
1926	34	1
1927	34	1
1928	34	1
1929	34	1
1930	34	1
1931	34	1
1932	34	1
1933	34	1
1934	34	1
1935	34	1
1936	34	1
1937	34	1
1938	34	1
1939	34	1
1940	34	1
1941	34	1
1942	34	1
1943	34	1
1944	34	1
1945	34	1
1946	34	1
1947	34	1
1948	34	1
1949	34	1
1950	34	1
1951	34	1
1952	34	1
1953	34	1
1954	34	1
1955	34	1
1956	34	1
1957	34	1
1958	34	1
1959	34	1
1960	34	1
1961	34	1
1962	34	1
1963	34	1
1964	34	1
1965	34	1
1966	34	1
1967	34	1
1968	34	1
1969	34	1
1970	35, 44	2
1971	35, 44	2
1972	44	1
1973	44	1
1974	44	1
1975	44	1
1976	44	1
1977	44	1
1978	44	1
1979	44	1
1980	44	1
1981	44	1
1982	44	1
1983	44	1
1984	44	1
1985	44	1
1986	44	1
1987	44	1
1988	44	1
1989	44	1
1990	44	1
1991	44	1
1992	44	1
1993	44	1
1994	44	1
1995	44	1
1996	44	1
1997	44	1
1998	44	1
1999	44	1
2000	44	1
2001	44	1
2002	44	1
2003	44	1
2004	44	1
2005	44	1
2006	44	1
2007	44	1
2008	44	1
2009	44	1
2010	1, 44, 45	3
2011	1, 44, 45	3
2012	1, 44, 45	3
2013	1, 44, 45	3
2014	45	1
2015	45	1
2016	45	1
2017	45	1
2018	45	1
2019	45	1
2020	45	1
2021	45	1
2022	45	1
2023	45	1
2024	45	1
2025	45	1
2026	45	1
2027	45	1
2028	45	1
2029	45	1
2030	45	1
2031	45	1
2032	45	1
2033	45	1
2034	45	1
2035	45	1
2036	45	1
2037	45	1
2038	45	1
2039	45	1
2040	45	1
2041	45	1
2042	45	1
2043	45	1
2044	45	1
2045	45	1
2046	45	1
2047	45	1
2048	45	1
2049	45	1
2050	45	1
2051	45	1
2052	45	1
2053	45	1
2054	45	1
2055	45	1
2056	45	1
2057	45	1
2058	45	1
2059	45	1
2060	45	1
2061	45	1
2062	45	1
2063	45	1
2064	45	1
2065	45	1
2066	45	1
2067	45	1
2068	45	1
2069	45	1
2070	45	1
2071	45	1
2072	45	1
2073	45	1
2074	45	1
2075	45	1
2076	45	1
2077	45	1
2078	45	1
2079	45	1
2080	45	1
2081	45	1
2082	34	1
2083	34	1
2084	1, 46	2
2085	1, 46	2
2086	1, 46	2
2087	1, 46	2
2088	1, 46	2
2089	1, 46	2
2090	1, 46	2
2091	1, 46	2
2092	1, 46	2
2093	1, 46	2
2094	1, 46	2
2095	1, 46	2
2096	1, 46	2
2097	1, 46	2
2098	1, 46	2
2099	1, 46	2
2100	1, 46	2
2101	1, 46	2
2102	1, 46	2
2103	1, 46	2
2104	1, 46	2
2105	1, 46	2
2106	1, 46	2
2107	1, 46	2
2108	1, 46	2
2109	1, 46	2
2110	1, 46	2
2111	1, 46	2
2112	1, 46	2
2113	1, 46	2
2114	1, 46	2
2115	1, 46	2
2116	1, 46	2
2117	27	1
2118	33	1
2119	33	1
2120	21, 22	2
2121	21, 22	2
2122	25, 26, 28, 29, 30	5
2123	25, 26, 28, 29, 30	5
2124	14, 26, 27, 29, 38, 42, 6	7
2125	10, 30, 32, 6	4
2126	14, 26, 27, 42, 6	5
2127	14, 26, 27	3
2128	14, 26, 27	3
2129	14, 26, 27	3
2130	29, 38	2
2131	10, 18, 32	3
2132	10, 18, 32	3
2134	2, 3, 2006	3
2135	2, 3	2
2136	3	1
2137	2, 7	2
2138	3, 6, 60, 7	4
2139	4, 8	2
2140	4, 60, 8	3
2141	2, 4, 2005	3
2143	60, 8, 9	3
2144	60, 8, 9	3
2145	5	1
2146	14, 26, 27	3
2147	5	1
2154	7	1
2155	7	1
2158	42, 60	2
2159	32, 33, 34, 5, 8, 9	6
2160	1, 24, 3, 7	4
2161	24, 3, 7	3
2162	42	1
2163	42	1
2164	42	1
2165	42	1
2174	12, 29, 38	3
2175	12, 29, 38	3
2177	12, 20, 29, 59	4
2181	15, 2	2
2188	16	1
2189	16	1
2190	16	1
2193	30, 35, 37, 61	4
2194	14, 38	2
2195	11, 41	2
2196	11, 41	2
2197	11, 22	2
2198	11, 22	2
2199	11, 22	2
2200	15, 16, 19, 61	4
2201	40	1
2206	35, 36, 37, 41, 44	5
2207	35, 36, 37, 41, 44	5
2208	16	1
2209	16	1
2212	17, 19	2
2213	17, 19	2
2214	17, 19	2
2215	17, 19	2
2216	7	1
2218	58	1
2219	31, 34, 4	3
2220	31, 34, 4	3
2221	31, 56, 58	3
2222	16, 20, 23	3
2223	16, 20, 23, 54	4
2224	16, 20, 23	3
2225	16, 20, 23	3
2228	22, 61	2
2229	22, 54, 61	3
2230	54	1
2231	17, 22	2
2232	17, 22	2
2233	17, 22, 54	3
2234	17, 22, 54	3
2235	17, 22	2
2236	17, 22	2
2237	17, 22	2
2238	17, 22	2
2245	17, 21	2
2246	17, 21	2
2249	39, 44	2
2250	11, 41	2
2251	11, 41	2
2323	14, 38	2
2325	14, 38	2
2327	14, 38	2
2329	14, 38	2
2331	14, 38	2
2333	14, 38	2
2335	14, 38	2
2337	14, 38	2
2339	14, 38	2
2341	14, 38	2
2342	1, 44	2
2343	1, 44	2
2344	1, 46	2
2345	2, 4, 2005	3
2346	2, 24, 25, 29, 30	5
2347	2, 24, 25	3
2348	2, 24, 25	3
2349	2, 24, 25	3
2350	12, 2, 26, 27	4
2351	16, 17, 20, 23, 61	5
2352	12, 18, 30, 6	4
2354	57, 58	2
2355	58	1
2356	58	1
2357	42	1
2358	42	1
2359	15	1
2360	23	1